"Estimate"	"Std..Error"	"df"	"t.value"	"Pr...t.."
"author_groupmember"	0.0764387639678648	0.00702946528336439	7.7788524340088	10.8740509962772	0.00000561188161783629
"author_groupnonmember"	0.110118993039511	0.00704917492323681	7.8668388131583	15.6215435478153	0.000000334409924217706
