"Estimate"	"Std..Error"	"df"	"t.value"	"Pr...t.."
"typeissue_post:author_groupmember"	0.0700313751555166	0.00887970769886156	11.8667148446038	7.88667572520378	0.00000466659868125506
"typeissue_reply:author_groupmember"	0.166591326662562	0.00827168587825177	8.93242447050775	20.1399483871323	0.00000000943542295907144
"typepr_post:author_groupmember"	0.0671627703585261	0.00859558974069925	10.4174975698346	7.81363145340886	0.0000113411079964368
"typepr_reply:author_groupmember"	0.208935644385496	0.0082485736650234	8.83203515091479	25.3299119181599	0.00000000149183058797304
"typeissue_post:author_groupnonmember"	0.0793483991588226	0.00825468641406556	8.89604658220467	9.61252737882533	0.00000540091399210878
"typeissue_reply:author_groupnonmember"	0.195060542753739	0.00790142004250762	7.46788683113926	24.6867704418147	0.0000000197189607525453
"typepr_post:author_groupnonmember"	0.101201068754541	0.00865015935611741	10.7038153883715	11.6993299878309	0.000000196038846180696
"typepr_reply:author_groupnonmember"	0.215434263709004	0.00813013430823924	8.35367317107061	26.4982416699659	0.00000000234472910025599
