"Estimate"	"Std..Error"	"df"	"t.value"	"Pr...t.."
"typeissue_post:author_groupmember"	0.0700313751555166	0.00887970769886156	11.8667148446038	7.88667572520378	4.66659868125517e-06
"typeissue_reply:author_groupmember"	0.166591326662562	0.00827168587825177	8.93242447063711	20.1399483871323	9.43542295726353e-09
"typepr_post:author_groupmember"	0.0671627703585261	0.00859558974069925	10.4174975698346	7.81363145340886	1.13411079964368e-05
"typepr_reply:author_groupmember"	0.208935644385496	0.0082485736650234	8.83203515091478	25.3299119181599	1.49183058797306e-09
"typeissue_post:author_groupnonmember"	0.0793483991588226	0.00825468641406556	8.89604658220472	9.61252737882533	5.40091399210858e-06
"typeissue_reply:author_groupnonmember"	0.195060542753739	0.00790142004250762	7.46788683112092	24.6867704418147	1.9718960753187e-08
"typepr_post:author_groupnonmember"	0.101201068754541	0.00865015935611741	10.7038153882163	11.6993299878309	1.9603884620775e-07
"typepr_reply:author_groupnonmember"	0.215434263709004	0.00813013430823924	8.35367317107061	26.4982416699659	2.34472910025599e-09
