"Estimate"	"Std..Error"	"df"	"t.value"	"Pr...t.."
"author_groupmember"	0.163958631340684	0.0102070199740428	8.51646527668223	16.06332031853	0.000000115223486545995
"author_groupnonmember"	0.165278337909489	0.00985136563031229	7.39973283996087	16.7772006554029	0.000000370526768878831
