"Estimate"	"Std..Error"	"df"	"t.value"	"Pr...t.."
"typeissue_post:author_groupmember"	0.0194055896819326	0.00759751237187228	8.70983669589577	2.55420310387075	0.0317653170764927
"typeissue_reply:author_groupmember"	0.0489912909811034	0.00739129539915346	7.80193294392805	6.62824151050903	0.000184023818191659
"typepr_post:author_groupmember"	0.0162638806604729	0.00749885550205849	8.26620271975696	2.16884838706498	0.0608524916408398
"typepr_reply:author_groupmember"	0.10412965497759	0.0073826287197873	7.76532989279344	14.1046853268534	0.000000824041228191176
"typeissue_post:author_groupnonmember"	0.0747995679104557	0.00755123902263397	8.50004305212357	9.9056019397946	0.00000589773536988515
"typeissue_reply:author_groupnonmember"	0.139128286046969	0.00743706949440193	7.99745908482116	18.7074070171986	0.0000000690854291656323
"typepr_post:author_groupnonmember"	0.0257950509300546	0.00765176422040647	8.96126205570355	3.37112464355108	0.00829306442503558
"typepr_reply:author_groupnonmember"	0.139630688425354	0.00744959179197066	8.05101060068584	18.7434012929207	0.0000000629035325649116
