"Estimate"	"Std..Error"	"df"	"t.value"	"Pr...t.."
"typeissue_post:author_groupmember"	0.0714938637335805	0.00951616919250708	11.461713797993	7.51288278794727	0.0000093042676726671
"typeissue_reply:author_groupmember"	0.168009035622371	0.00894974910790716	8.96479702338629	18.7724855296708	0.0000000166699897521908
"typepr_post:author_groupmember"	0.0685381273866315	0.0092508985052111	10.2348280856306	7.40880762533752	0.0000201515447634717
"typepr_reply:author_groupmember"	0.210304000069381	0.00892842043518986	8.87889891504094	23.5544463431072	0.00000000260287484926202
"typeissue_post:author_groupnonmember"	0.0807628597994568	0.0089339719725382	8.92883363714302	9.03997237149509	0.00000868775882094391
"typeissue_reply:author_groupnonmember"	0.19636469491	0.00860764795440089	7.69372310424102	22.8128166893261	0.0000000241101362787564
"typepr_post:author_groupnonmember"	0.102375118652147	0.00930211584810363	10.4768850206806	11.0055733903828	0.000000435871140761056
"typepr_reply:author_groupnonmember"	0.216449270506075	0.0088188214336431	8.46390338547553	24.5440132941505	0.00000000365788910080240
