"Estimate"	"Std..Error"	"df"	"t.value"	"Pr...t.."
"author_groupmember"	0.0755421711042448	0.00689754300893713	7.80098507941708	10.9520406043666	0.00000520983432712088
"author_groupnonmember"	0.117948068614668	0.00691764244654583	7.89272082680157	17.0503274093854	0.000000164962445957215
