"Estimate"	"Std..Error"	"df"	"t.value"	"Pr...t.."
"typeissue_post"	0.0532345587765136	0.00915703625059743	8.07325849984062	5.81351403660114	0.000385531504631189
"typeissue_reply"	0.0741272147025265	0.00908840169753113	7.83383014364221	8.15624321740346	4.2855764563721e-05
"typepr_post"	0.021938239887681	0.00914703066609703	8.03792728292095	2.39840016815445	0.0431442111763159
"typepr_reply"	0.10844488834718	0.0090849490714036	7.82185749139817	11.9367634859427	2.69335018051751e-06
