"Estimate"	"Std..Error"	"df"	"t.value"	"Pr...t.."
"author_groupmember"	0.162487253272416	0.0095205368646007	8.45035996445578	17.0670263224941	0.0000000762527138675957
"author_groupnonmember"	0.16400658791808	0.00913882190543467	7.18693257753246	17.9461411563944	0.000000311647347901381
