"Estimate"	"Std..Error"	"df"	"t.value"	"Pr...t.."
"author_groupmember"	0.0764387639678648	0.00702946528336439	7.7788524340088	10.8740509962772	5.61188161783629e-06
"author_groupnonmember"	0.110118993039511	0.00704917492323681	7.8668388131583	15.6215435478153	3.34409924217706e-07
